original,translated,reference,context_languages,strategy,bleu
syntax error: cannot back up,erro de sintaxe: não é possível salvar a estação de segurança,erro de sintaxe: não é possível voltar,"DE,ES",LLAMA,51.56626918239821
syntax is ambiguous,a sintaxe não é clara o suficiente para determinar se há ambiguidade,a sintaxe é ambígua,"DE,ES",LLAMA,7.495553473355845
syntax error,erro de sintaxe lỗi cú pháp,erro de sintaxe,"DE,ES",LLAMA,30.213753973567677
"syntax error, unexpected %s","erro de sintaxe, %s bólido","erro de sintaxe, %s não esperado","DE,ES",LLAMA,70.1396726799769
"syntax error, unexpected %s, expecting %s","erro de sintaxe, %s bizarro, esperava %s","erro de sintaxe, %s não esperado, esperando %s","DE,ES",LLAMA,48.83499409416458
"syntax error, unexpected %s, expecting %s or %s","erro de cú páp, %s anormais, precisa %s ou %s?","erro de sintaxe, %s não esperado, esperando %s ou %s","DE,ES",LLAMA,34.46073377034663
"syntax error, unexpected %s, expecting %s or %s or %s","erro de cú páp, %s anormais, esperado %s ou %s ou %s","erro de sintaxe, %s não esperado, esperando %s ou %s ou %s","DE,ES",LLAMA,51.707871254438786
"syntax error, unexpected %s, expecting %s or %s or %s or %s","lỗi cú pháp, gặp %s bất thường, cần %s hoặc %s hoặc %s hay %s","erro de sintaxe, %s não esperado, esperando %s ou %s ou %s ou %s","DE,ES",LLAMA,8.084607176727898
memory exhausted,memória esgotada,falta de memória,"DE,ES",LLAMA,30.326532985631665
