%s: unable to resolve bind address %s; disabling bind.	%s: incapaz de resolver o endereço de ligação %s; desativando a ligação.
Connecting to %s|%s|:%d...	Conexando-se a %s em:%d...
Connecting to %s:%d...	Conexando-se a %s:%d...
Connecting to [%s]:%d...	Conexando-se a [%s]:%d...
setsockopt SO_RCVBUF failed: %s	setsockopt SO_RCVBUF falhou: %s
connected.	Conectado. Conectado.
failed: %s.	Falhou: %s.
%s: unable to resolve host address %s	%s: incapaz de resolver o endereço do host, %s.
setsockopt SO_REUSEADDR failed: %s	setsockopt SO_REUSEADDR falhou: %s
Too many fds open.  Cannot use select on a fd >= %d	Não posso usar selecionar em um fd >= %d
Converted links in %d files in %s seconds.	Convertido links em arquivos %d em %s segundos.
Converting links in %s...	Converter links em %s...
nothing to do.	Não há nada a fazer.
%d.	%d.
Cannot convert links in %s: %s	Não pode converter links em %s: %s
Unable to delete %s: %s	Incapaz de excluir %s: %s
Cannot back up %s as %s: %s	Não pode fazer backup de %s como %s: %s
Unable to get cookie for %s	Incapaz de obter um cookie para %s
Syntax error in Set-Cookie: %s at position %d.	Erro de sintaxe no Set-Cookie: %s na posição %d.
Cookie coming from %s attempted to set domain to	Um cookie proveniente de %s tentou definir o domínio para.
%s	%s
Cannot open cookies file %s: %s	Não pode abrir o arquivo de cookies %s: %s.
Error writing to %s: %s	Erro de escrita para %s: %s
Error closing %s: %s	Erro no fechamento de %s: %s
Unsupported listing type, trying Unix listing parser.	Tipo de listagem não suportado, tentando parceria de listagem Unix.
Index of /%s on %s:%d	Índice de /%s em %s:%d
time unknown	tempo desconhecido
File	Arquivo 
Directory	Directório Directório
Link	Link Link Link
Not sure	Não tenho certeza
(%s bytes)	(%s bytes)
Length: %s	Comprimento: %s
, %s (%s) remaining	, %s (%s) restante
, %s remaining	%s restante ,
(unauthoritative)	(unautoritário)
Could not initialize SSL. It will be disabled.	Não foi possível inicializar o SSL. Ele será desativado.
Logging in as %s ...	Logando-se como %s ...
Error in server response, closing control connection.	Erro na resposta do servidor, fechamento da conexão de controle.
Error in server greeting.	Erro na saudação do servidor.
Write failed, closing control connection.	Escrever falhou, fechar a conexão de controle.
The server refuses login.	O servidor recusa o login.
Login incorrect.	Login incorreto.
Logged in!	Ligado para dentro!
Server did not accept the 'PBSZ 0' command.	O servidor não aceitou o comando 'PBSZ 0'.
Server did not accept the 'PROT %c' command.	O servidor não aceitou o comando 'PROT %c'.
Server error, can't determine system type.	Erro do servidor, não pode determinar o tipo de sistema.
done.	Feito.
done.	Feito.
Unknown type `%c', closing control connection.	Tipo desconhecido `%c', fechando a conexão de controle.
done.	Feito.
==> CWD not needed.	==> CWD não é necessário.
Logically impossible section reached in getftp()	Logicamente impossível seção alcançada em getftp()
cwd_count: %d	cwd_count: %d
cwd_start: %d	cwd_start: %d
cwd_end: %d	cwd_end: %d
No such directory %s.	Não há tal diretório %s.
==> CWD not required.	==> CWD não é necessário.
File has already been retrieved.	O arquivo já foi recuperado.
Cannot initiate PASV transfer.	Não pode iniciar a transferência de PASV.
Cannot parse PASV response.	Não pode paralisar a resposta PASV.
couldn't connect to %s port %d: %s	Não conseguiu se conectar ao porto %s %d: %s
Bind error (%s).	Erro de ligação (%s).
Invalid PORT.	PORTO INVALIDO.
REST failed, starting from scratch.	REST falhou, começando do zero.
File %s exists.	O arquivo %s existe.
No such file %s.	Não há esse arquivo %s.
No such file %s.	Não há esse arquivo %s.
No such file or directory %s.	Não há esse arquivo ou diretório %s.
%s has sprung into existence.	O %s surgiu na existência.
%s: %s, closing control connection.	%s: %s, fechando a conexão de controle.
%s (%s) - Data connection: %s;	%s (%s) - Conexão de dados: %s;
Control connection closed.	A conexão de controle foi fechada.
Data transfer aborted.	A transferência de dados foi abortada.
File %s already there; not retrieving.	O arquivo %s já está lá; não está sendo recuperado.
(try:%2d)	(try:%2d)
%s (%s) - written to stdout %s[%s]	%s (%s) - escrito para estudar %s[%s]
%s (%s) - %s saved [%s]	%s (%s) - %s salvo [%s]
Removing %s.	Removendo %s.
Using %s as listing tmp file.	Usando %s como listagem de arquivo tmp.
Removed %s.	Removido %s.
Recursion depth %d exceeded max. depth %d.	A profundidade de recorrência %d excedeu o máximo. profundidade %d.
Remote file no newer than local file %s -- not retrieving.	Arquivo remoto não mais recente do que o arquivo local %s -- não está sendo recuperado.
Remote file is newer than local file %s -- retrieving.	O arquivo remoto é mais recente do que o arquivo local %s -- retrieving.
The sizes do not match (local %s) -- retrieving.	Os tamanhos não coincidem (local %s) - recuperação.
Invalid name of the symlink, skipping.	Nome inválido do symlink, saltando.
Already have correct symlink %s -> %s	Já possuem um correcto link de sincronismo %s -> %s.
Creating symlink %s -> %s	Criando um symlink %s -> %s
Symlinks not supported, skipping symlink %s.	Os links não são suportados, ignorando o link %s.
Skipping directory %s.	Salto diretório %s.
%s: unknown/unsupported file type.	%s: tipo de arquivo desconhecido/insuportado.
Failed to set permissions for %s.	Não conseguiu definir permissões para %s.
%s: corrupt time-stamp.	%s: corrupto time-stamp.
Will not retrieve dirs since depth is %d (max %d).	Não vai recuperar dirs, já que a profundidade é %d (máximo %d).
Not descending to %s as it is excluded/not-included.	Não descendo para %s, pois é excluído/não incluído.
Rejecting %s.	Rejeitando o %s.
Rejecting %s (Invalid Entry).	Rejeitando %s (Entrada inválida).
%s is excluded/not-included through regex.	O %s é excluído/não incluído através do regex.
Error matching %s against %s: %s	Erro de correspondência entre %s e %s: %s
No matches on pattern %s.	Não há coincidências no padrão %s.
Wrote HTML-ized index to %s [%s].	Escreveu um índice HTML-izado para %s [%s].
Wrote HTML-ized index to %s.	Escreveu um índice HTML-izado para %s.
ERROR: Cannot open directory %s.	ERRO: Não pode abrir o diretório %s.
ERROR: Failed to open cert %s: (%d).	ERRO: Não conseguiu abrir cert %s: (%d).
Loaded CA certificate '%s'	Certificado CA carregado '%s'
ERROR: Failed to load CRL file '%s': (%d)	ERROR: Não conseguiu carregar o arquivo CRL '%s': (%d)
Loaded CRL file '%s'	O arquivo CRL carregado '%s'
ERROR: GnuTLS requires the key and the cert to be of the same type.	ERRO: O GnuTLS exige que a chave e o certificado sejam do mesmo tipo.
Your GnuTLS version is too old to support TLS 1.3	Sua versão GnuTLS é muito velha para suportar TLS 1.3
GnuTLS: unimplemented 'secure-protocol' option value %u	GnuTLS: valor de opção 'secure-protocol' não implementado %u
Please report this issue to bug-wget@gnu.org	Por favor, informe este problema para bug-wget@gnu.org
GnuTLS: unimplemented 'secure-protocol' option value %d	GnuTLS: valor de opção 'secure-protocol' não implementado %d.
GnuTLS: Cannot set prio string directly. Falling back to default priority.	GnuTLS: Não pode definir a cadeia prio diretamente. regressando à prioridade padrão.
ERROR	ERRO
WARNING	ADVERTENÇÃO
%s: No certificate presented by %s.	%s: Nenhum certificado apresentado por %s.
%s: The certificate of %s is not trusted.	%s: O certificado de %s não é confiável.
%s: The certificate of %s doesn't have a known issuer.	%s: O certificado de %s não tem um emissor conhecido.
%s: The certificate of %s has been revoked.	%s: O certificado de %s foi revogado.
%s: The certificate signer of %s was not a CA.	%s: O assinante de certificado de %s não era um CA.
%s: The certificate of %s was signed using an insecure algorithm.	%s: O certificado de %s foi assinado usando um algoritmo inseguro.
%s: The certificate of %s is not yet activated.	%s: O certificado de %s ainda não está ativado.
%s: The certificate of %s has expired.	%s: O certificado de %s expirou.
Error initializing X509 certificate: %s	Erro na inicialização do certificado X509: %s
No certificate found	Nenhum certificado encontrado
Error parsing certificate: %s	Certificado de análise de erro: %s
The certificate has not yet been activated	O certificado ainda não foi ativado
The certificate has expired	O certificado expirou
The certificate's owner does not match hostname %s	O proprietário do certificado não corresponde ao nome de hospedeiro %s.
The public key does not match pinned public key!	A chave pública não corresponde à chave pública apertada!
Certificate must be X.509	O certificado deve ser X.509
Error in handling the address list.	Erro no tratamento da lista de endereços.
Unknown host	Anfitrião desconhecido.
Temporary failure in name resolution	Falha temporária na resolução de nome
Unknown error	Erro desconhecido
Resolving %s...	Resolvendo %s...
failed: No IPv4/IPv6 addresses for host.	Não falhou: Não há endereços IPv4/IPv6 para hospedeiro.
failed: timed out.	Falhou: temporizado.
%s: Cannot resolve incomplete link %s.	%s: Não pode resolver o link incompleto %s.
%s: Invalid URL %s: %s	%s: URL inválida %s: %s
Failed writing HTTP request: %s.	Falhou em escrever a solicitação HTTP: %s.
No headers, assuming HTTP/0.9	Sem cabeçalhos, assumindo HTTP/0.9
File %s already there; not retrieving.	O arquivo %s já está lá; não está sendo recuperado.
gmtime failed. This is probably a bug.	Gmtime falhou, provavelmente é um bug.
Cannot convert timestamp to http format. Falling back to time 0 as last modification time.	Não pode converter o timestamp para o formato http. Regressando ao tempo 0 como última hora de modificação.
BODY data file %s missing: %s	O arquivo de dados BODY %s está faltando: %s
Reusing existing connection to [%s]:%d.	Reutilizar a conexão existente para [%s]:%d..
Reusing existing connection to %s:%d.	Reutilizar a conexão existente para %s:%d..
Failed reading proxy response: %s	Falhou na leitura da resposta do proxy: %s
%s ERROR %d: %s.	%s ERRO %d: %s.
Malformed status line	Linha de status malformada
Proxy tunneling failed: %s	Túnel de proxy falhou: %s
Unknown authentication scheme.	Esquema de autenticação desconhecido.
Authentication selected: %s	A autenticação selecionada: %s
Saving to: %s	Salvando para: %s
When downloading signature:	Ao baixar a assinatura:
%s: %s.	%s: %s.
Unable to read signature content from temporary file. Skipping.	Incapaz de ler o conteúdo da assinatura do arquivo temporário.
Could not create temporary file. Skipping signature download.	Não conseguiu criar um arquivo temporário.
Invalid pri value. Assuming %d.	Valor pri inválido. Assumindo %d..
Could not find acceptable digest for Metalink resources.	Não conseguiu encontrar digest aceitável para recursos Metalink.
Ignoring them.	Ignorando-os.
Disabling SSL due to encountered errors.	Desativar o SSL devido a erros encontrados.
%s request sent, awaiting response...	A solicitação %s foi enviada, aguardando uma resposta...
No data received.	Não foram recebidos dados.
Read error (%s) in headers.	Erro de leitura (%s) em cabeçalhos.
(no description)	(sem descrição)
Location: %s%s	Localização: %s%s
unspecified	não especificado
[following]	[seguindo]
File %s not modified on server. Omitting download.	O arquivo %s não foi modificado no servidor.
Server ignored If-Modified-Since header for file %s.	O servidor ignorou o cabeçalho If-Modified-Since para o arquivo %s.
You might want to add --no-if-modified-since option.	Você pode querer adicionar a opção --no-if-modified-since.
The file is already fully retrieved; nothing to do.	O arquivo já foi totalmente recuperado; nada a fazer.
Length:	Comprimento:
ignored	ignorado
Warning: wildcards not supported in HTTP.	Aviso: wildcards não são suportados em HTTP.
Spider mode enabled. Check if remote file exists.	O modo aranha foi ativado, verifique se existe um arquivo remoto.
Cannot write to %s (%s).	Não pode escrever para %s (%s).
Required attribute missing from Header received.	O atributo necessário faltando no cabeçalho recebido.
Username/Password Authentication Failed.	A autenticação de nome de usuário / senha falhou.
Cannot write to WARC file.	Não pode escrever para o arquivo WARC.
Cannot write to temporary WARC file.	Não pode escrever para temporário arquivo WARC.
Unable to establish SSL connection.	Incapaz de estabelecer uma conexão SSL.
Cannot unlink %s (%s).	Não pode desvincular %s (%s).
ERROR: Redirection (%d) without location.	ERROR: Redireção (%d) sem localização.
Could not find Metalink data in HTTP response. Downloading file using HTTP GET.	Não conseguiu encontrar dados Metalink em resposta HTTP.
Metalink headers found. Switching to Metalink mode.	Encontraram-se cabeçalhos Metalink, mudando para o modo Metalink.
Remote file does not exist -- broken link!!!	O arquivo remoto não existe - link quebrado!!!
Last-modified header missing -- time-stamps turned off.	O último cabeçalho modificado está faltando - timestamps desligados.
Last-modified header invalid -- time-stamp ignored.	O último cabeçalho modificado é inválido - o time-stamp ignorado.
Server file no newer than local file %s -- not retrieving.	O arquivo do servidor não é mais recente do que o arquivo local %s -- não está sendo recuperado.
The sizes do not match (local %s) -- retrieving.	Os tamanhos não coincidem (local %s) - recuperação.
Remote file is newer, retrieving.	O arquivo remoto é mais recente, recuperando.
Remote file exists and could contain links to other resources -- retrieving.	O arquivo remoto existe e pode conter links para outros recursos - recuperação.
Remote file exists but does not contain any link -- not retrieving.	O arquivo remoto existe, mas não contém nenhum link - não está sendo recuperado.
Remote file exists and could contain further links,	O arquivo remoto existe e pode conter mais links,
but recursion is disabled -- not retrieving.	Mas a recorrência é desativada - não a recuperação.
Remote file exists.	O arquivo remoto existe.
%s URL: %s %2d %s	URL: %s %s %s %2d %s
%s (%s) - written to stdout %s[%s/%s]	%s (%s) - escrito para estudar %s[%s/%s]
%s (%s) - %s saved [%s/%s]	%s (%s) - %s salvo [%s/%s]
%s (%s) - Connection closed at byte %s.	%s (%s) - Conexão fechada em byte %s.
%s (%s) - Read error at byte %s (%s).	%s (%s) - Leia o erro em byte %s (%s).
%s (%s) - Read error at byte %s/%s (%s).	%s (%s) - Leia o erro em byte %s/%s (%s).
Unsupported quality of protection '%s'.	Qualidade de proteção não suportada '%s'.
Unsupported algorithm '%s'.	Algoritmo não suportado '%s'.
%s: WGETRC points to %s, which couldn't be accessed because of error: %s.	%s: WGETRC aponta para %s, que não pode ser acessado por causa do erro: %s.
%s: Cannot read %s (%s).	%s: Não pode ler %s (%s).
%s: Error in %s at line %d.	%s: Erro em %s na linha %d.
%s: Syntax error in %s at line %d.	%s: Erro de sintaxe em %s na linha %d.
%s: Unknown command %s in %s at line %d.	%s: Desconhecido comando %s em %s na linha %d.
Parsing system wgetrc file (env SYSTEM_WGETRC) failed.  Please check	O sistema de paragem do arquivo wgetrc (env SYSTEM_WGETRC) falhou.
'%s',	'%s',
or specify a different file using --config.	ou especifique um arquivo diferente usando --config..
Parsing system wgetrc file failed.  Please check	O sistema de paragem do arquivo wgetrc falhou.
'%s',	'%s',
or specify a different file using --config.	ou especifique um arquivo diferente usando --config..
%s: Warning: Both system and user wgetrc point to %s.	%s: Aviso: Tanto o sistema como o usuário wgetrc apontam para %s.
%s: Invalid --execute command %s	%s: Invalido --execute o comando %s
%s: %s: Invalid boolean %s; use `on' or `off'.	%s: %s: Invalida booleana %s; use `on' or `off'.
%s: %s: Invalid %s; use `on', `off' or `quiet'.	%s: %s: %s inválido; use `on', `off' or `quiet'.
%s: %s: Invalid number %s.	%s: %s: Número inválido %s.
%s: %s must only be used once	%s: %s só pode ser usado uma vez
%s: %s: Invalid byte value %s	%s: %s: Valor de byte inválido de %s
%s: %s: Invalid time period %s	%s: %s: Período de tempo inválido %s
%s: %s: Negative time period %s	%s: %s: Período de tempo negativo %s
use-askpass requires a string or either environment variable WGET_ASKPASS or SSH_ASKPASS to be set.	Use-askpass requer que seja definida uma variável string ou ambiente WGET_ASKPASS ou SSH_ASKPASS.
%s: %s: Invalid value %s.	%s: %s: Valor inválido %s.
%s: %s: Invalid header %s.	%s: %s: cabeçalho inválido %s.
%s: %s: Invalid WARC header %s.	%s: %s: cabeçalho WARC inválido %s.
%s: %s: Invalid progress type %s.	%s: %s: Tipo de progresso inválido %s.
%s: %s: Invalid restriction %s,	%s: %s: Restrição inválida %s,
use [unix|vms|windows],[lowercase|uppercase],[nocontrol],[ascii].	[unix expressão], [lowercase], [nouppercase], [nocontrol], [ascii].
Encoding %s isn't valid	A codificação de %s não é válida
Conversion from %s to %s isn't supported	A conversão de %s para %s não é suportada
Incomplete or invalid multibyte sequence encountered	Sequência de multibyte incompleta ou inválida encontrada
Unhandled errno %d	Unhandled errno %d
locale_to_utf8: locale is unset	local_to_utf8: local is unset
idn_encode failed (%d): %s	idn_encode falhou (%d): %s
Failed to convert to lower: %d: %s	Falhou em converter para menor: %d: %s
Redirecting output to %s.	Redirecionando a saída para %s.
%s: %s; disabling logging.	%s: %s; desativando o registro.
Usage: %s [OPTION]... [URL]...	Utilização: %s [OPTION]... [URL]...
Mandatory arguments to long options are mandatory for short options too.	Argumentos obrigatórios para opções longas são obrigatórios para opções curtas também.
Startup:	Iniciação:
-V,  --version                   display the version of Wget and exit	-V, --version exibe a versão de Wget e exit.
-h,  --help                      print this help	-h, --help print this help
-b,  --background                go to background after startup	-b, --background ir para o fundo após o início
-e,  --execute=COMMAND           execute a `.wgetrc'-style command	-e, --execute=COMMAND execute um comando de estilo `.wgetrc'-.
Logging and input file:	Arquivo de registro e de entrada:
-o,  --output-file=FILE          log messages to FILE	-o, --output-file=FILE log messages to FILE
-a,  --append-output=FILE        append messages to FILE	-a, --append-output=FILE append messages to FILE
-d,  --debug                     print lots of debugging information	-d, --debug print lots of debugging information
--wdebug                    print Watt-32 debug output	--wdebug print Watt-32 debug output
-q,  --quiet                     quiet (no output)	-q, --quiet quiet (sem saída)
-v,  --verbose                   be verbose (this is the default)	-v, --verbose be verbose (este é o padrão)
-nv, --no-verbose                turn off verboseness, without being quiet	-nv, --no-verbose desligue a verboseness, sem ser silencioso -verbose
--report-speed=TYPE         output bandwidth as TYPE.  TYPE can be bits	--report-speed=TYPE output bandwidth as TYPE. TYPE pode ser bits
-i,  --input-file=FILE           download URLs found in local or external FILE	-i, --input-file=FILE download URLs found in local or external FILE
--input-metalink=FILE       download files covered in local Metalink FILE	--input-metalink=FILE download files covered in local Metalink FILE
-F,  --force-html                treat input file as HTML	F, --force-html tratar o arquivo de entrada como HTML -
-B,  --base=URL                  resolves HTML input-file links (-i -F)	B, --base=URL resolve os links de arquivo de entrada de HTML (-i -F) -
relative to URL	Em relação ao URL
--config=FILE               specify config file to use	--config=FILE especifique o arquivo de configuração a usar.
--no-config                 do not read any config file	--no-config não lê nenhum arquivo de configuração
--rejected-log=FILE         log reasons for URL rejection to FILE	--rejected-log=FILE log reasons for URL rejeição to FILE
Download:	Download:
-t,  --tries=NUMBER              set number of retries to NUMBER (0 unlimits)	-t, --tries=NUMBER número definido de retries para NUMBER (0 ilimitados)
--retry-connrefused         retry even if connection is refused	--retry-connrefused retry mesmo que a conexão seja recusada
--retry-on-host-error       consider host errors as non-fatal, transient errors	--retry-on-host-error considera os erros do host como erros não fatais e transitórios.
--retry-on-http-error=ERRORS    comma-separated list of HTTP errors to retry	--retry-on-http-error=ERRORS lista com separado de vírgula de erros HTTP para retry
-O,  --output-document=FILE      write documents to FILE	-O, --output-document=FILE write documents to FILE
-nc, --no-clobber                skip downloads that would download to	-nc, --no-clobber saltar downloads que baixariam para
existing files (overwriting them)	Arquivos existentes (overwriting them)
--no-netrc                  don't try to obtain credentials from .netrc	--no-netrc não tente obter credenciais de .netrc.
-c,  --continue                  resume getting a partially-downloaded file	-c, --continue resume recebendo um arquivo parcialmente baixado
--start-pos=OFFSET          start downloading from zero-based position OFFSET	Start-pos=OFFSET start downloading from zero-based position OFFSET --
--progress=TYPE             select progress gauge type	--progress=TYPE select progress gauge type
--show-progress             display the progress bar in any verbosity mode	--show-progress exibe a barra de progresso em qualquer modo de verbosidade
-N,  --timestamping              don't re-retrieve files unless newer than	N, --timestamping não re-recuperar arquivos, a menos que mais novos do que -.
local	local local local local
--no-if-modified-since      don't use conditional if-modified-since get	--no-if-modified-since don't use conditional if-modified-since get
requests in timestamping mode	pedidos em modo de timestamping
--no-use-server-timestamps  don't set the local file's timestamp by	--no-use-server-timestamps não definem o timestamp local do arquivo por
the one on the server	O que está no servidor
-S,  --server-response           print server response	-S, --server-response print server response
--spider                    don't download anything	aranhas não baixam nada --
-T,  --timeout=SECONDS           set all timeout values to SECONDS	-T, --timeout=SECONDS define todos os valores de timeout para SECONDS
--dns-servers=ADDRESSES     list of DNS servers to query (comma separated)	--dns-servers=ADDRESSES lista de servidores DNS para consulta (comma separada)
--bind-dns-address=ADDRESS  bind DNS resolver to ADDRESS (hostname or IP) on local host	--bind-dns-address=ADDRESS bind DNS resolver to ADDRESS (hostname or IP) on local host --
--dns-timeout=SECS          set the DNS lookup timeout to SECS	--dns-timeout=SECS define o tempo de busca do DNS para SECS
--connect-timeout=SECS      set the connect timeout to SECS	--connect-timeout=SECS define o timeout de conexão para SECS
--read-timeout=SECS         set the read timeout to SECS	--read-timeout=SECS define o timeout de leitura para SECS
-w,  --wait=SECONDS              wait SECONDS between retrievals	-w, --wait=SECONDS wait SECONDS between retrievals
(applies if more then 1 URL is to be retrieved)	(aplica-se se mais do que 1 URL for recuperada)
--waitretry=SECONDS         wait 1..SECONDS between retries of a retrieval	--waitretry=SECONDS wait 1..SECONDS between retries of a retrieval
(applies if more then 1 URL is to be retrieved)	(aplica-se se mais do que 1 URL for recuperada)
--random-wait               wait from 0.5*WAIT...1.5*WAIT secs between retrievals	--random-wait wait from 0.5*WAIT...1.5*WAIT secs between retrievals
(applies if more then 1 URL is to be retrieved)	(aplica-se se mais do que 1 URL for recuperada)
--no-proxy                  explicitly turn off proxy	--no-proxy explicitamente desligue o proxy
-Q,  --quota=NUMBER              set retrieval quota to NUMBER	-Q, --quota=NUMBER define a quota de recuperação para NUMBER
--bind-address=ADDRESS      bind to ADDRESS (hostname or IP) on local host	--bind-address=ADDRESS bind to ADDRESS (nome de hospedeiro ou IP) em um host local
--limit-rate=RATE           limit download rate to RATE	RATE limit download rate to RATE --limit-rate=RATE limit download rate to RATE --limit-rate
--no-dns-cache              disable caching DNS lookups	--no-dns-cache disable caching DNS lookups
--restrict-file-names=OS    restrict chars in file names to ones OS allows	restringir os caracteres em nomes de arquivos para aqueles que o sistema operacional permite --
--ignore-case               ignore case when matching files/directories	--ignore-case ignore case when matching files/directories
-4,  --inet4-only                connect only to IPv4 addresses	--inet4-only connect only to IPv4 addresses -4, --inet4-only connect only to IPv4 addresses -
-6,  --inet6-only                connect only to IPv6 addresses	-6, --inet6-only connect only to IPv6 addresses -6, --inet6-only connect only to IPv6 addresses
--prefer-family=FAMILY      connect first to addresses of specified family,	--prefer-family=FAMILIA conectam-se primeiro a endereços da família especificada,
one of IPv6, IPv4, or none	IPv6, IPv4, ou um ou nenhum
--user=USER                 set both ftp and http user to USER	--user=USER define o usuário ftp e o usuário http para USER
--password=PASS             set both ftp and http password to PASS	--password=PASS define ambos os passwords ftp e http para PASS
--ask-password              prompt for passwords	--ask-password prompt for passwords
--use-askpass=COMMAND       specify credential handler for requesting	--use-askpass=COMMAND specify credential handler for requesting
username and password.  If no COMMAND is	Nome de usuário e senha.If no COMMAND is
specified the WGET_ASKPASS or the SSH_ASKPASS	Especificou o WGET_ASKPASS ou o SSH_ASKPASS
environment variable is used.	A variável ambiente é usada.
--no-iri                    turn off IRI support	--no-iri desligue o suporte IRI
--local-encoding=ENC        use ENC as the local encoding for IRIs	local-encoding=ENC usar ENC como a codificação local para IRIs --
--remote-encoding=ENC       use ENC as the default remote encoding	--remote-encoding=ENC use ENC como a codificação remota padrão
--unlink                    remove file before clobber	--unlink remove file before clobber
--keep-badhash              keep files with checksum mismatch (append .badhash)	--keep-badhash keep files with checksum mismatch (apenda .badhash)
--metalink-index=NUMBER     Metalink application/metalink4+xml metaurl ordinal NUMBER	--metalink-index=NUMBER Metalink application/metalink4+xml metaurl ordinal NUMBER
--metalink-over-http        use Metalink metadata from HTTP response headers	Metalink-over-http use Metalink metadados de cabeçalhos de resposta HTTP --
--preferred-location        preferred location for Metalink resources	localização preferida localização preferida para recursos Metalink --
--xattr                     turn on storage of metadata in extended file attributes	--xattr acende o armazenamento de metadados em atributos de arquivo extendido
Directories:	Directórios:
-nd, --no-directories            don't create directories	-nd, --no-directories não criam diretórios
-x,  --force-directories         force creation of directories	-x, --force-directories forçar a criação de diretórios
-nH, --no-host-directories       don't create host directories	-nH, --no-host-directories não criam diretórios host
--protocol-directories      use protocol name in directories	Os diretórios de protocolos usam o nome do protocolo em diretórios --
-P,  --directory-prefix=PREFIX   save files to PREFIX/..	-P, --directory-prefix=PREFIX save files to PREFIX/..
--cut-dirs=NUMBER           ignore NUMBER remote directory components	--cut-dirs=NUMBER ignorar o número de componentes do diretório remoto.
HTTP options:	Opções HTTP:
--http-user=USER            set http user to USER	http-user=USER define http user para USER --http-user=USER define http user para USER --
--http-password=PASS        set http password to PASS	--http-password=PASS set http password to PASS
--no-cache                  disallow server-cached data	--no-cache disallow server-cached data --
--default-page=NAME         change the default page name (normally	--default-page=NAME change the default page name (normalmente)
this is 'index.html'.)	Isto é 'index.html'.)
-E,  --adjust-extension          save HTML/CSS documents with proper extensions	-E, --adjust-extension save HTML/CSS documentos com extensões adequadas
--ignore-length             ignore 'Content-Length' header field	--ignore-length ignore 'Content-Length' header field
--header=STRING             insert STRING among the headers	--header=STRING insert STRING entre os cabeçalhos
--compression=TYPE          choose compression, one of auto, gzip and none. (default: none)	compression=TYPE choose compression, one of auto, gzip and none. (default: none) --
--max-redirect              maximum redirections allowed per page	--max-redirect - redirecionamento máximo permitido por página
--proxy-user=USER           set USER as proxy username	--proxy-user=USER set USER como nome de usuário proxy
--proxy-password=PASS       set PASS as proxy password	--proxy-password=PASS set PASS como palavra-passe proxy
--referer=URL               include 'Referer: URL' header in HTTP request	--referer=URL incluem o cabeçalho 'Referer: URL' no pedido HTTP
--save-headers              save the HTTP headers to file	--save-headers salvar os cabeçalhos HTTP para arquivar --
-U,  --user-agent=AGENT          identify as AGENT instead of Wget/VERSION	-U, --user-agent=AGENT identificar como agente em vez de Wget/VERSION
--no-http-keep-alive        disable HTTP keep-alive (persistent connections)	--no-http-keep-alive disable HTTP keep-alive (conexões persistentes)
--no-cookies                don't use cookies	--sem cookies não usam cookies
--load-cookies=FILE         load cookies from FILE before session	--load-cookies=FILE carrega cookies de FILE antes da sessão
--save-cookies=FILE         save cookies to FILE after session	--save-cookies=FILE save cookies to FILE after session
--keep-session-cookies      load and save session (non-permanent) cookies	"Keep-session-cookies load and save session (non-permanent) cookies" --
--post-data=STRING          use the POST method; send STRING as the data	--post-data=STRING use the POST method; send STRING as dados
--post-file=FILE            use the POST method; send contents of FILE	--post-file=FILE use the POST method; send contents of FILE
--method=HTTPMethod         use method "HTTPMethod" in the request	Método de uso do método "HTTPMethod" na solicitação --
--body-data=STRING          send STRING as data. --method MUST be set	--body-data=STRING send STRING as dados. --method MUST be set
--body-file=FILE            send contents of FILE. --method MUST be set	-body-file=FILE send contents of FILE. --method MUST be set --
--content-disposition       honor the Content-Disposition header when	--content-disposition honra o cabeçalho Content-Disposition quando
choosing local file names (EXPERIMENTAL)	escolher nomes de arquivos locais (EXPERIMENTAL)
--content-on-error          output the received content on server errors	--content-on-error output o conteúdo recebido em erros de servidor
--auth-no-challenge         send Basic HTTP authentication information	--auth-no-challenge send Basic HTTP authentication information
without first waiting for the server's	Primeiro esperamos o servidor sem esperar o servidor
challenge	desafio desafio
HTTPS (SSL/TLS) options:	Opções HTTPS (SSL/TLS):
--secure-protocol=PR        choose secure protocol, one of auto, SSLv2,	PR choose secure protocol, one of auto, SSLv2, --
SSLv3, TLSv1, TLSv1_1, TLSv1_2, TLSv1_3 and PFS	SSLv3, TLSv1, TLSv1_1, TLSv1_2, TLSv1_3 e PFS
--https-only                only follow secure HTTPS links	--https-only only follow secure HTTPS links --https-only only follow secure HTTPS links --
--no-check-certificate      don't validate the server's certificate	--no-check-certificate não valida o certificado do servidor
--certificate=FILE          client certificate file	--certificate=FILE --certificate file
--certificate-type=TYPE     client certificate type, PEM or DER	--certificate-type=TYPE tipo de certificado de cliente, PEM ou DER
--private-key=FILE          private key file	--private-key=FILE arquivo de chave privada
--private-key-type=TYPE     private key type, PEM or DER	tipo de chave privada, PEM ou DER --
--ca-certificate=FILE       file with the bundle of CAs	--ca-certificate=FILE com o pacote de CA
--ca-directory=DIR          directory where hash list of CAs is stored	ca-directory=DIR directory onde a lista de hash de CAs é armazenada --
--crl-file=FILE             file with bundle of CRLs	--crl-file=FILE file with bundle of CRLs
--pinnedpubkey=FILE/HASHES  Public key (PEM/DER) file, or any number	--pinnedpubkey=FILE/HASHES Public key (PEM/DER) arquivo, ou qualquer número
of base64 encoded sha256 hashes preceded by	de hashes base64 codificados sha256 precedidos por
'sha256//' and separated by ';', to verify	'sha256//' e separado por ';', para verificar
peer against	contra peer versus peer
--random-file=FILE          file with random data for seeding the SSL PRNG	--random-file=FILE file with random data for seeding the SSL PRNG
--egd-file=FILE             file naming the EGD socket with random data	--egd-file=FILE file naming the EGD socket with random data
--ciphers=STR           Set the priority string (GnuTLS) or cipher list string (OpenSSL) directly.	--ciphers=STR Definir a cadeia de prioridade (GnuTLS) ou a cadeia de lista de cifras (OpenSSL) diretamente.
Use with care. This option overrides --secure-protocol.	Use com cuidado.Esta opção supera o --secure-protocol.
The format and syntax of this string depend on the specific SSL/TLS engine.	O formato e a sintaxe desta cadeia dependem do motor SSL/TLS específico.
HSTS options:	Opções de HSTS:
--no-hsts                   disable HSTS	--no-hsts desativar HSTS
--hsts-file                 path of HSTS database (will override default)	--hsts-file path of HSTS database (override por padrão)
FTP options:	Opções de FTP:
--ftp-stmlf                 use Stream_LF format for all binary FTP files	--ftp-stmlf use Stream_LF format for all binary FTP files
--ftp-user=USER             set ftp user to USER	--ftp-user=USER define o usuário ftp para o usuário --ftp-user=USER
--ftp-password=PASS         set ftp password to PASS	--ftp-password=PASS set ftp password to PASS
--no-remove-listing         don't remove '.listing' files	--no-remove-listing don't remove '.listing' files
--no-glob                   turn off FTP file name globbing	--no-glob desligue o nome de arquivo FTP globbing
--no-passive-ftp            disable the "passive" transfer mode	--no-passive-ftp desativar o modo de transferência "passivo"
--preserve-permissions      preserve remote file permissions	--preserve-permissions preserve remote file permissions
--retr-symlinks             when recursing, get linked-to files (not dir)	Retr-symlinks when recursing, get linked-to files (not dir) --
FTPS options:	Opções de FTPS:
--ftps-implicit                 use implicit FTPS (default port is 990)	--ftps-implicit use implicit FTPS (porte padrão é 990)
--ftps-resume-ssl               resume the SSL/TLS session started in the control connection when	--ftps-resume-ssl resume a sessão SSL/TLS iniciada na conexão de controle quando
opening a data connection	abrindo uma conexão de dados
--ftps-clear-data-connection    cipher the control channel only; all the data will be in plaintext	ftps-clear-data-connection cifre apenas o canal de controle; todos os dados estarão em texto em branco --
--ftps-fallback-to-ftp          fall back to FTP if FTPS is not supported in the target server	--ftps-fallback-to-ftp regressar ao FTP se o FTPS não for suportado no servidor-alvo
WARC options:	Opções de WARC:
--warc-file=FILENAME        save request/response data to a .warc.gz file	--warc-file=FILENAME save request/response data to a .warc.gz file
--warc-header=STRING        insert STRING into the warcinfo record	Warc-header=STRING insert STRING into the warcinfo record --
--warc-max-size=NUMBER      set maximum size of WARC files to NUMBER	Warc-max-size=NUMBER define o tamanho máximo de arquivos WARC para NUMBER --
--warc-cdx                  write CDX index files	--warc-cdx write CDX index files
--warc-dedup=FILENAME       do not store records listed in this CDX file	--warc-dedup=FILENAME não armazena registros listados neste arquivo CDX.
--no-warc-compression       do not compress WARC files with GZIP	--no-warc-compression não comprime arquivos WARC com GZIP
--no-warc-digests           do not calculate SHA1 digests	--no-warc-digests não calcula SHA1 digests
--no-warc-keep-log          do not store the log file in a WARC record	--no-warc-keep-log não armazenam o arquivo de log em um registro WARC.
--warc-tempdir=DIRECTORY    location for temporary files created by the	warc-tempdir=DIRECTORY location for temporary files created by the --
WARC writer	escritor do WARC
Recursive download:	Download recursivo:
-r,  --recursive                 specify recursive download	-r, --recursive specify recursive download
-l,  --level=NUMBER              maximum recursion depth (inf or 0 for infinite)	l, --level=NUMBER profundidade máxima de recorrência (inf ou 0 para infinito) -
--delete-after              delete files locally after downloading them	delete-after delete arquivos localmente depois de baixá-los --
-k,  --convert-links             make links in downloaded HTML or CSS point to	k, --convert-links fazem links em HTML ou CSS baixados apontando para  -convert-links.
local files	Arquivos locais
--convert-file-only         convert the file part of the URLs only (usually known as the basename)	--convert-file-only converter a parte de arquivo dos URLs apenas (geralmente conhecido como o nome básico)
--backups=N                 before writing file X, rotate up to N backup files	--backups=N antes de escrever o arquivo X, gire até N arquivos de backup
-K,  --backup-converted          before converting file X, back up as X_orig	-K, --backup-converted antes de converter o arquivo X, backup como X_orig
-K,  --backup-converted          before converting file X, back up as X.orig	-K, --backup-converted antes de converter o arquivo X, backup como X.orig
-m,  --mirror                    shortcut for -N -r -l inf --no-remove-listing	-m, --mirror abreviatura para -N -r -l inf --no-remove-listing
-p,  --page-requisites           get all images, etc. needed to display HTML page	-p, --page-requisites get all images, etc. necessários para exibir a página HTML -
--strict-comments           turn on strict (SGML) handling of HTML comments	--strict-comments ativam o tratamento rigoroso (SGML) de comentários HTML
Recursive accept/reject:	Recursiva accept/reject:
-A,  --accept=LIST               comma-separated list of accepted extensions	A, --accept=LIST lista de extensões aceitas com uma vírgula separada -
-R,  --reject=LIST               comma-separated list of rejected extensions	-R, --reject=LIST lista separada por vírgula de extensões rejeitadas
--accept-regex=REGEX        regex matching accepted URLs	--accept-regex=REGEX regex matching accepted URLs
--reject-regex=REGEX        regex matching rejected URLs	--reject-regex=REGEX regex matching rejected URLs
--regex-type=TYPE           regex type (posix|pcre)	O tipo de regex (reposi --x essepcre) é o tipo de regex (TYPE).
--regex-type=TYPE           regex type (posix)	--regex-type=TYPE regex tipo (posix)
-D,  --domains=LIST              comma-separated list of accepted domains	-D, --domains=LIST lista comma-separada de domínios aceitos.
--exclude-domains=LIST      comma-separated list of rejected domains	--exclude-domains=LIST comma-separated list of rejected domains
--follow-ftp                follow FTP links from HTML documents	--follow-ftp segue links FTP de documentos HTML
--follow-tags=LIST          comma-separated list of followed HTML tags	LIST comma-separated list of followed HTML tags --
--ignore-tags=LIST          comma-separated list of ignored HTML tags	LISTA uma lista comma-separada de tags HTML ignoradas --
-H,  --span-hosts                go to foreign hosts when recursive	-H, --span-hosts vão para hosts estrangeiros quando recorrentes
-L,  --relative                  follow relative links only	-L, --relativo seguir links relativos apenas
-I,  --include-directories=LIST  list of allowed directories	-I, --include-directories=LIST list of allowed directories
--trust-server-names        use the name specified by the redirection	--trust-server-names usam o nome especificado pelo redirecionamento
URL's last component	O último componente da URL
-X,  --exclude-directories=LIST  list of excluded directories	X, --exclude-directories=LIST list of excluded directories -
-np, --no-parent                 don't ascend to the parent directory	-np, --no-parent não ascender ao diretório dos pais -
Email bug reports, questions, discussions to <bug-wget@gnu.org>	E-mail relatórios de bugs, perguntas, discussões para <bug-wget@gnu.org>
and/or open issues at https://savannah.gnu.org/bugs/?func=additem&group=wget.	e/ou questões abertas em https://savannah.gnu.org/bugs/?func=additem&group=wget.
GNU Wget %s, a non-interactive network retriever.	GNU Wget %s, um retriever de rede não interativo.
Password for user %s:	Senha para o usuário %s:
Password:	Password:
Cannot create pipe	Não pode criar um tubo
Error initializing spawn file actions for use-askpass: %d	Erro na inicialização de ações de arquivo spawn para uso-askpass: %d
Error setting spawn file actions for use-askpass: %d	Error setting spawn file actions for use-askpass: %d
Error reading response from command "%s %s": %s	Erro de resposta de leitura do comando "%s %s": %s
Username for '%s%s':	Nome de usuário para '%s%s':
Password for '%s%s@%s':	Senha para '%s%s@%s':
Wgetrc:	Wgetrc:
Locale:	Locais:
Compile:	Compile:
Link:	Link:
GNU Wget %s built on %s.	GNU Wget %s construído em %s.
%s (env)	%s (env)
%s (user)	%s (usuário)
%s (system)	%s (sistema)
Copyright (C) %s Free Software Foundation, Inc.	Copyright (C) %s Free Software Foundation, Inc.
License GPLv3+: GNU GPL version 3 or later	Licença GPLv3+: GNU GPL versão 3 ou posterior
<http://www.gnu.org/licenses/gpl.html>.	<http://www.gnu.org/licenses/gpl.html>.
This is free software: you are free to change and redistribute it.	Este é um software livre: você é livre para alterá-lo e redistribuí-lo.
There is NO WARRANTY, to the extent permitted by law.	Não há garantia, na medida em que a lei o permite.
Originally written by Hrvoje Niksic <hniksic@xemacs.org>.	Originalmente escrito por Hrvoje Niksic <hniksic@xemacs.org>.
Please send bug reports and questions to <bug-wget@gnu.org>.	Por favor, envie relatórios de bugs e perguntas para <bug-wget@gnu.org>.
Memory allocation problem	Problema de alocação de memória
Exiting due to error in %s	Exitando devido a um erro em %s
Try `%s --help' for more options.	Tente `%s --help' para mais opções.
%s: illegal option -- `-n%c'	%s: opção ilegal -- `-n%c'
Debugging support not compiled in. Ignoring --debug flag.	O suporte de depuração não foi compilado, ignorando a bandeira --debug.
Both --no-clobber and --convert-links were specified, only --convert-links will be used.	Tanto --no-clobber e --convert-links foram especificados, apenas --convert-links serão usados.
Both --no-clobber and --convert-file-only were specified, only --convert-file-only will be used.	Ambos --no-clobber e --convert-file-only foram especificados, apenas --convert-file-only será usado.
Can't be verbose and quiet at the same time.	Não pode ser verbal e silencioso ao mesmo tempo.
Can't timestamp and not clobber old files at the same time.	Não pode timestamp e não clobber arquivos antigos ao mesmo tempo.
Cannot specify both --inet4-only and --inet6-only.	Não pode especificar tanto --inet4-only e --inet6-only.
Cannot specify both -k or --convert-file-only and -O if multiple URLs are given, or in combination	Não pode especificar -k ou --convert-file-only e -O se vários URLs forem dados, ou em combinação.
with -p or -r. See the manual for details.	-p ou -r. Veja o manual para detalhes.
WARNING: combining -O with -r or -p will mean that all downloaded content	AVISO: combinar -O com -r ou -p significará que todo o conteúdo baixado
will be placed in the single file you specified.	Será colocado no único arquivo que você especificou.
WARNING: timestamping does nothing in combination with -O. See the manual	AVISO: o timestamping não faz nada em combinação com -O. Veja o manual.
for details.	Para detalhes.
WARC output does not work with --no-clobber, --no-clobber will be disabled.	A saída WARC não funciona com --no-clobber, --no-clobber será desativado.
WARC output does not work with timestamping, timestamping will be disabled.	A saída do WARC não funciona com timestamping, o timestamping será desativado.
WARC output does not work with --spider.	A saída WARC não funciona com --spider.
WARC output does not work with --continue or --start-pos, they will be disabled.	A saída WARC não funciona com --continue ou --start-pos, elas serão desativadas.
Digests are disabled; WARC deduplication will not find duplicate records.	Digestões são desativadas; a deduplicação WARC não encontrará registros duplicados.
Compression does not work with --continue or --start-pos, they will be disabled.	A compressão não funciona com --continue ou --start-pos, eles serão desativados.
Cannot specify both --ask-password and --password.	Não pode especificar ambos --ask-password e --password.
WARNING: No username set with --ask-password. This is usually not what you want.	AVISO: Nenhum nome de usuário definido com --ask-password. geralmente não é o que você quer.
Specifying both --start-pos and --continue is not recommended; --continue will be disabled.	Especificar ambos --start-pos e --continue não é recomendado; --continue será desativado.
%s: missing URL	%s: miss URL
You cannot specify both --post-data and --post-file.	Você não pode especificar tanto --post-data e --post-file.
You cannot use --post-data or --post-file along with --method. --method expects data through --body-data and --body-file options	Você não pode usar --post-data ou --post-file juntamente com --method. --method espera dados através de --body-data e --body-file opções
You must specify a method through --method=HTTPMethod to use with --body-data or --body-file.	Você deve especificar um método através de --method=HTTPMethod para usar com --body-data ou --body-file.
You cannot specify both --body-data and --body-file.	Você não pode especificar tanto --body-data e --body-file.
This version does not have support for IRIs	Esta versão não tem suporte para IRIs
-k or -r can be used together with -O only if outputting to a regular file.	-k ou -r só pode ser usado em conjunto com -O se a saída for para um arquivo normal.
--convert-links or --convert-file-only can be used together only if outputting to a regular file.	Os links de conversão ou --convert-file-only só podem ser usados em conjunto somente se forem enviados para um arquivo normal.
Failed to init libcares	Falhou no init libcares
Failed to init c-ares channel	Não conseguiu iniciar o canal c-ares.
Failed to parse IP address '%s'	Não conseguiu analisar o endereço IP '%s'.
Failed to set DNS server(s) '%s' (%d)	Não conseguiu configurar o servidor DNS (((s) '%s' (%d)
No URLs found in %s.	Nenhum URL encontrado em %s.
Unable to parse metalink file %s.	Incapaz de partilhar o arquivo metalink %s.
Could not download all resources from %s.	Não conseguiu baixar todos os recursos de %s.
FINISHED --%s--	Fechado --%s--
Total wall clock time: %s	Tempo total de relógio de parede: %s
Downloaded: %d files, %s in %s (%s)	Descarregado: arquivos %d, %s em %s (%s)
Download quota of %s EXCEEDED!	Faça o download da quota de %s EXCEEDED!
-O not supported for metalink download. Ignoring.	-O não é suportado para download metalink.
[--trust-server-names %s, --directory-prefix=%s]	[--trust-server-names %s, --directory-prefix=%s]
Planned metalink file: %s	Arquivo Planned metalink: %s
Secured metalink file: %s	Arquivo de metallink protegido: %s
Rejecting metalink file. Unsafe name.	Rejeitando o arquivo metalink. nome inseguro.
Processing metaurl %s...	Processamento metaurl %s...
Rejecting metaurl file %s. Unsafe name.	Rejeitando o arquivo metaurl %s. Nome inseguro.
Failed to download %s. Skipping metaurl.	Não conseguiu fazer o download de %s, puxando o metaurl.
Unable to parse metaurl file %s.	Incapaz de partilhar o arquivo metaurl %s.
Metaurls processing returned with error.	Metaurls processamento retornou com erro.
Resource type %s not supported, ignoring...	O tipo de recurso %s não é suportado, ignorando...
Could not open downloaded file.	Não conseguiu abrir o arquivo baixado.
Computing size for %s	Tamanho de computação para %s
File size not declared. Skipping check.	Tamanho do arquivo não declarado.
Could not get downloaded file's size.	Não conseguiu obter o tamanho do arquivo baixado.
Size mismatch for file %s.	O tamanho não corresponde ao arquivo %s.
Size matches.	Os tamanhos coincidem.
Computing checksum for %s	Computação checksum para %s
Checksum matches.	O checksum corresponde.
Checksum mismatch for file %s.	Checksum mismatch for file %s.
Could not open downloaded file for signature verification.	Não conseguiu abrir o arquivo baixado para verificação de assinatura.
GPGME data_new_from_mem: %s	GPGME data_new_from_mem: %s
GPGME op_verify: %s	GPGME op_verify: %s
GPGME op_verify_result: NULL	GPGME op_verify_result: NULL
Signature validation succeeded.	A validação da assinatura foi bem sucedida.
Invalid signature. Rejecting resource.	Uma assinatura inválida, rejeitando um recurso.
Data matches signature, but signature is not trusted.	Os dados coincidem com a assinatura, mas a assinatura não é confiável.
No checksums found.	Nenhum checksum encontrado.
Failed to download %s. Skipping resource.	Não conseguiu fazer o download de %s. Saltou o recurso.
File %s retrieved but size does not match.	O arquivo %s foi recuperado, mas o tamanho não corresponde.
File %s retrieved but checksum does not match.	O arquivo %s foi recuperado, mas a soma de verificação não corresponde.
File %s retrieved but signature does not match.	O arquivo %s foi recuperado, mas a assinatura não corresponde.
Renaming %s to %s.	Renomear %s em %s.
Continuing in background.	Continuando em segundo plano.
Continuing in background, pid %lu.	Continuando em segundo plano, pid %lu.
Output will be written to %s.	A saída será escrita para %s.
fake_fork_child() failed	fake_fork_child() failed
fake_fork() failed	fake_fork() falhou
%s: Couldn't find usable socket driver.	%s: Não conseguiu encontrar o driver de socket utilizável.
ioctl() failed.  The socket could not be set as blocking.	ioctl() falhou. A tomada não pôde ser definida como bloqueio.
%s: %s:%d: warning: %s token appears before any machine name	%s: %s:%d: aviso: o token %s aparece antes de qualquer nome de máquina
%s: %s:%d: unknown token "%s"	%s: %s:%d: token desconhecido "%s"
Usage: %s NETRC [HOSTNAME]	Utilização: %s NETRC [HOSTNAME]
%s: cannot stat %s: %s	%s: não pode declarar %s: %s
WARNING: using a weak random seed.	AVISO: usando uma semente aleatória fraca.
Could not seed PRNG; consider using --random-file.	Não poderia semear PRNG; considere usar --random-file.
Your OpenSSL version is too old to support TLS 1.3	Sua versão OpenSSL é muito velha para suportar TLS 1.3
Your OpenSSL version is too old to support TLSv1.1	Sua versão OpenSSL é muito velha para suportar TLSv1.1
Your OpenSSL version is too old to support TLSv1.2	Sua versão OpenSSL é muito velha para suportar TLSv1.2
OpenSSL: unimplemented 'secure-protocol' option value %d	OpenSSL: valor de opção 'secure-protocol' não implementado %d
Your OpenSSL version does not support option '%s'.	Sua versão OpenSSL não suporta a opção '%s'.
OpenSSL: Invalid cipher list: %s	OpenSSL: Lista de cifras inválidas: %s
OpenSSL: Failed set trust to partial chain	OpenSSL: Falta de confiança no conjunto de cadeias parciais.
OpenSSL: Failed to allocate verification param	OpenSSL: Falhou na atribuição de parametros de verificação.
WARNING: Could not seed PRNG. Consider using --random-file.	AVISO: Não conseguiu semear PRNG. Considere usar --random-file.
%s: cannot verify %s's certificate, issued by %s:	%s: não pode verificar o certificado de %s, emitido por %s:
Unable to locally verify the issuer's authority.	Incapaz de verificar localmente a autoridade do emissor.
Self-signed certificate encountered.	Certificado auto-assinado encontrado.
Issued certificate not yet valid.	Certificado emitido ainda não válido.
Issued certificate has expired.	O certificado emitido expirou.
%s: no certificate subject alternative name matches	%s: não há certificado sujeito alternativo nome coincide
requested host name %s.	nome de hospedeiro solicitado %s.
%s: certificate common name %s doesn't match requested host name %s.	%s: o nome comum do certificado %s não corresponde ao nome do host solicitado %s.
%s: certificate common name is invalid (contains a NUL character).	%s: o nome comum do certificado é inválido (contém um caráter NUL).
This may be an indication that the host is not who it claims to be	Isso pode ser uma indicação de que o anfitrião não é quem ele afirma ser.
(that is, it is not the real %s).	(isto é, não é o real %s).
To connect to %s insecurely, use `--no-check-certificate'.	Para se conectar a %s de forma insegura, use `--no-check-certificate'.
%*s[ skipping %sK ]	%*s[ saltando %sK ]
Invalid dot style specification %s; leaving unchanged.	Especificação de estilo de ponto inválido %s; deixando inalterado.
eta %s	%s e %s
in	em
Cannot get REALTIME clock frequency: %s	Não pode obter a frequência do relógio REALTIME: %s
nofollow attribute found in %s. Will not follow any links on this page	O atributo nofollow encontrado em %s. Não seguirá nenhum link desta página.
Removing %s since it should be rejected.	Removendo %s, uma vez que ele deve ser rejeitado.
Cannot open %s: %s	Não pode abrir %s: %s
Loading robots.txt; please ignore errors.	Carregando robots.txt; por favor, ignore os erros.
Error parsing proxy URL %s: %s.	Erro parsing proxy URL %s: %s.
Error in proxy URL %s: Must be HTTP.	Erro no URL de proxy %s: Deve ser HTTP.
%d redirections exceeded.	O %d de redireções foi excedido.
Giving up.	Desistir.
Retrying.	Tentando novamente.
Found no broken links.	Não foi encontrado nenhum link quebrado.
No error	Não há erro
Unsupported scheme	Esquema sem suporte
HTTPS support not compiled in	O suporte a HTTPS não foi compilado em
FTPS support not compiled in	O suporte ao FTPS não foi compilado em FT.
Scheme missing	O esquema está faltando
Invalid host name	Nome de hospedeiro inválido
Bad port number	O número de porto ruim
Invalid user name	Nome de usuário inválido
Unterminated IPv6 numeric address	Endereço numérico IPv6 subminado
IPv6 addresses not supported	Endereços IPv6 não são suportados
Invalid IPv6 numeric address	Endereço numérico IPv6 inválido
Unconvertable multibyte sequence encountered	Seqüência multibata inconversível encontrada
%s: %s: Failed to allocate enough memory; memory exhausted.	%s: %s: Não conseguiu atribuir memória suficiente; memória esgotada.
%s: %s: Failed to allocate %ld bytes; memory exhausted.	%s: %s: Não conseguiu atribuir %ld bytes; a memória foi esgotada.
%s: aprintf: text buffer is too big (%d bytes), aborting.	%s: aprintf: o buffer de texto é muito grande (%d bytes), abortando.
Continuing in background, pid %d.	Continuando em segundo plano, pid %d..
Failed to unlink symlink %s: %s	Falhou em desvincular o link de sincronismo %s: %s
Failed to Fopen file %s	Falhou em abrir o arquivo %s.
Failed to get FD for file %s	Não conseguiu obter FD para arquivo %s
Failed to stat file %s, (check permissions)	Falhou no arquivo de estatística %s, (verifique as permissões)
File %s changed since the last check. Security check failed.	O arquivo %s mudou desde a última verificação.
Failed to open file %s, reason :%s	Não conseguiu abrir o arquivo %s, razão: %s
Failed to stat file %s, error: %s	Falhou no arquivo de estatística %s, erro: %s
Trying to open file %s but it changed since last check. Security check failed.	Tentei abrir o arquivo %s, mas ele mudou desde a última verificação.
Invalid regular expression %s, PCRE2 error %d	Invalida expressão regular %s, erro PCRE2 %d
Invalid regular expression %s, %s	Invalida expressão regular %s, %s
Error while matching %s: %d	Erro ao combinar %s: %d
Skipping key with wrong size (%d/%d): %s	Salto de chave com tamanho errado (%d/%d): %s
Error setting WARC file position.	Erro na configuração de posição do arquivo WARC.
Error flushing WARC file to disk.	Erro flushing WARC arquivo para disco.
Error duplicating WARC file file descriptor.	Erro duplicando o descriptor de arquivo de arquivo WARC.
Error opening GZIP stream to WARC file.	Erro na abertura do fluxo GZIP para o arquivo WARC.
Error writing warcinfo record to WARC file.	Erro em escrever warcinfo record para o arquivo WARC.
Opening WARC file %s.	Abrindo o arquivo WARC %s.
Error opening WARC file %s.	Erro na abertura do arquivo WARC %s.
CDX file does not list original urls. (Missing column 'a'.)	O arquivo CDX não lista os urls originais. (Coluna Missing 'a'.)
CDX file does not list checksums. (Missing column 'k'.)	O arquivo CDX não lista os checksums. (Coluna faltante 'k'.)
CDX file does not list record ids. (Missing column 'u'.)	O arquivo CDX não lista ids de registro. (Coluna Missing 'u'.)
Could not read CDX file %s for deduplication.	Não conseguiu ler o arquivo CDX %s para deduplicação.
Could not open temporary WARC manifest file.	Não conseguiu abrir o temporário arquivo de manifesto WARC.
Could not open temporary WARC log file.	Não conseguiu abrir o temporário arquivo de registro WARC.
Could not open WARC file.	Não conseguiu abrir o arquivo WARC.
Could not open CDX file for output.	Não conseguiu abrir o arquivo CDX para saída.
Could not open temporary WARC file.	Não conseguiu abrir temporary WARC arquivo.
Found exact match in CDX file. Saving revisit record to WARC.	Encontrou a correspondência exata no arquivo CDX. Salvando o registro revisitado para WARC.